destino,lat,lon,clientes_fcarnes,macro_region,distancia_km,tiempo_horas,costo_casetas,costo_combustible,costo_total,zona_logistica,source,num_points,sakbe_status,sakbe_distance_km,sakbe_duration_min,sakbe_costo_casetas,sakbe_costo_combustible,sakbe_costo_total,sakbe_source,sakbe_warning,sakbe_num_segments,diff_distance_km,diff_distance_pct,diff_costo_total,diff_costo_pct,costo_casetas_final,costo_combustible_final,costo_total_final,fuente_costos
Monterrey,25.6677,-100.3151,877,NORESTE,3.41,0.0,9.38,15.0,24.38,LOCAL,here_routing,81,success,2.97,4.4,0.0,13.06,13.06,sakbe,,1,-0.43999999999999995,-12.9,-11.319999999999999,-46.4,0.0,13.06,13.06,SAKBE_INEGI
Victoria,21.2114,-100.2177,451,NORESTE,663.73,9.5,1825.26,2920.41,4745.67,FORANEA,here_routing,4756,success,663.21,425.4,852.0,2916.13,3768.13,sakbe_segmented,,2,-0.5199999999999818,-0.1,-977.54,-20.6,852.0,2916.13,3768.13,SAKBE_INEGI
Guadalupe,25.6764,-100.21,333,NORESTE,16.39,0.2,45.07,72.12,117.19,LOCAL,here_routing,390,success,12.28,16.0,0.0,54.0,54.0,sakbe,,1,-4.110000000000001,-25.1,-63.19,-53.9,0.0,54.0,54.0,SAKBE_INEGI
Reynosa,26.0498,-98.2985,180,NORESTE,220.58,3.2,606.6,970.55,1577.15,REGIONAL,here_routing,1441,success,217.75,153.9,748.0,957.45,1705.45,sakbe,,1,-2.8300000000000125,-1.3,128.29999999999995,8.1,748.0,957.45,1705.45,SAKBE_INEGI
Apodaca,25.7629,-100.2032,126,NORESTE,21.43,0.3,58.93,94.29,153.22,LOCAL,here_routing,453,success,15.75,19.5,0.0,69.25,69.25,sakbe,,1,-5.68,-26.5,-83.97,-54.8,0.0,69.25,69.25,SAKBE_INEGI
San Nicolás de los Garza,25.7361,-100.2707,104,NORESTE,9.59,0.1,26.37,42.2,68.57,LOCAL,here_routing,212,success,9.0,13.1,0.0,39.57,39.57,sakbe,,1,-0.5899999999999999,-6.2,-28.999999999999993,-42.3,0.0,39.57,39.57,SAKBE_INEGI
Cadereyta Jiménez,25.5887,-99.9936,103,NORESTE,43.96,0.6,120.89,193.42,314.31,LOCAL,here_routing,643,success,45.13,49.2,321.0,198.44,519.44,sakbe,,1,1.1700000000000017,2.7,205.13000000000005,65.3,321.0,198.44,519.44,SAKBE_INEGI
Matehuala,23.6556,-100.6405,75,NORESTE,321.06,4.6,882.91,1412.66,2295.58,FORANEA,here_routing,2723,success,317.64,205.5,473.0,1396.66,1869.66,sakbe,,1,-3.420000000000016,-1.1,-425.91999999999985,-18.6,473.0,1396.66,1869.66,SAKBE_INEGI
Juárez,31.6562,-106.4269,72,NORESTE,1163.7,16.6,3200.18,5120.28,8320.46,LEJANA,here_routing,5830,success,1159.96,780.7,2392.0,5100.34,7492.34,sakbe_segmented,,2,-3.740000000000009,-0.3,-828.119999999999,-10.0,2392.0,5100.34,7492.34,SAKBE_INEGI
Nuevo Laredo,27.4643,-99.5418,70,NORESTE,222.75,3.2,612.56,980.1,1592.66,REGIONAL,here_routing,1434,success,215.96,142.5,621.0,949.58,1570.58,sakbe,,1,-6.789999999999992,-3.0,-22.080000000000155,-1.4,621.0,949.58,1570.58,SAKBE_INEGI
Santa Catarina,19.6363,-98.9247,58,NORESTE,901.58,12.9,2479.35,3966.95,6446.3,LEJANA,here_routing,6433,success,1172.73,769.1,3277.0,5156.49,8433.49,sakbe_segmented,,4,271.15,30.1,1987.1899999999996,30.8,3277.0,5156.49,8433.49,SAKBE_INEGI
Saltillo,25.432,-100.9837,57,NORESTE,86.75,1.2,238.56,381.7,620.26,LOCAL,here_routing,1323,success,87.23,67.8,294.0,383.55,677.55,sakbe,,1,0.480000000000004,0.6,57.289999999999964,9.2,294.0,383.55,677.55,SAKBE_INEGI
China,25.7,-99.2333,48,NORESTE,125.3,1.8,344.57,551.32,895.89,REGIONAL,here_routing,1034,success,122.53,96.5,499.0,538.76,1037.76,sakbe,,1,-2.769999999999996,-2.2,141.87,15.8,499.0,538.76,1037.76,SAKBE_INEGI
San Pedro Garza García,25.6477,-100.3702,47,NORESTE,10.09,0.1,27.75,44.4,72.14,LOCAL,here_routing,279,success,9.67,13.7,0.0,42.52,42.52,sakbe,,1,-0.41999999999999993,-4.2,-29.619999999999997,-41.1,0.0,42.52,42.52,SAKBE_INEGI
Benito Juárez,19.3806,-99.1611,32,PENINSULA,907.29,13.0,2495.05,3992.08,6487.12,LEJANA,here_routing,6765,success,1177.76,783.3,2675.0,5178.61,7853.61,sakbe_segmented,,4,270.47,29.8,1366.4899999999998,21.1,2675.0,5178.61,7853.61,SAKBE_INEGI
García,25.8013,-100.5971,30,NORESTE,46.94,0.7,129.08,206.54,335.62,LOCAL,here_routing,886,success,35.46,41.1,0.0,155.92,155.92,sakbe,,1,-11.479999999999997,-24.5,-179.70000000000002,-53.5,0.0,155.92,155.92,SAKBE_INEGI
Santiago,25.4327,-100.1562,27,NORESTE,36.26,0.5,99.71,159.54,259.26,LOCAL,here_routing,765,success,35.65,35.2,0.0,156.75,156.75,sakbe,,1,-0.6099999999999994,-1.7,-102.50999999999999,-39.5,0.0,156.75,156.75,SAKBE_INEGI
Río Bravo,25.9869,-98.0947,27,NORESTE,251.37,3.6,691.27,1106.03,1797.3,REGIONAL,here_routing,1494,success,248.32,171.5,859.0,1091.86,1950.86,sakbe,,1,-3.0500000000000114,-1.2,153.55999999999995,8.5,859.0,1091.86,1950.86,SAKBE_INEGI
Pesquería,25.7909,-100.0479,20,NORESTE,34.36,0.5,94.49,151.18,245.67,LOCAL,here_routing,584,success,33.1,37.3,0.0,145.54,145.54,sakbe,,1,-1.259999999999998,-3.7,-100.13,-40.8,0.0,145.54,145.54,SAKBE_INEGI
Monclova,26.9068,-101.4209,20,NORESTE,238.85,3.4,656.84,1050.94,1707.78,REGIONAL,here_routing,2158,success,191.9,171.1,0.0,843.78,843.78,sakbe,,1,-46.94999999999999,-19.7,-864.0,-50.6,0.0,843.78,843.78,SAKBE_INEGI
General Treviño,26.2222,-99.4847,17,NORESTE,113.28,1.6,311.52,498.43,809.95,REGIONAL,here_routing,1129,success,111.2,95.8,0.0,488.95,488.95,sakbe,,1,-2.0799999999999983,-1.8,-321.00000000000006,-39.6,0.0,488.95,488.95,SAKBE_INEGI
Allende,18.1386,-94.3846,15,NORESTE,1266.99,18.1,3484.22,5574.76,9058.98,LEJANA,here_routing,8490,success,1842.17,1281.5,3700.92,8100.02,11800.94,sakbe_mixed_4/5,Route calculated in 5 segments. 4 used Sakbe API.,5,575.1800000000001,45.4,2741.960000000001,30.3,3700.92,8100.02,11800.94,SAKBE_INEGI
General Bravo,25.7943,-99.1789,15,NORESTE,129.5,1.9,356.12,569.8,925.93,REGIONAL,here_routing,957,success,127.44,93.6,553.0,560.35,1113.35,sakbe,,1,-2.0600000000000023,-1.6,187.41999999999996,20.2,553.0,560.35,1113.35,SAKBE_INEGI
Cedral,23.8184,-100.7256,13,NORESTE,331.6,4.7,911.9,1459.04,2370.94,FORANEA,here_routing,2800,success,317.24,210.4,473.0,1394.9,1867.9,sakbe,,1,-14.360000000000014,-4.3,-503.03999999999996,-21.2,473.0,1394.9,1867.9,SAKBE_INEGI
Ramos Arizpe,25.5397,-100.9504,12,NORESTE,72.69,1.0,199.9,319.84,519.73,LOCAL,here_routing,1112,success,73.4,52.4,294.0,322.74,616.74,sakbe,,1,0.710000000000008,1.0,97.00999999999999,18.7,294.0,322.74,616.74,SAKBE_INEGI
Linares,24.8621,-99.5629,12,NORESTE,141.24,2.0,388.41,621.46,1009.87,REGIONAL,here_routing,1346,success,130.04,115.9,0.0,571.79,571.79,sakbe,,1,-11.200000000000017,-7.9,-438.08000000000004,-43.4,0.0,571.79,571.79,SAKBE_INEGI
Xicoténcatl,22.9953,-98.9433,11,NORESTE,402.96,5.8,1108.14,1773.02,2881.16,FORANEA,here_routing,2851,success,390.39,292.7,0.0,1716.54,1716.54,sakbe,,1,-12.569999999999993,-3.1,-1164.62,-40.4,0.0,1716.54,1716.54,SAKBE_INEGI
Cerralvo,26.0843,-99.6181,11,NORESTE,92.58,1.3,254.59,407.35,661.95,LOCAL,here_routing,1007,success,90.64,77.7,0.0,398.54,398.54,sakbe,,1,-1.9399999999999977,-2.1,-263.41,-39.8,0.0,398.54,398.54,SAKBE_INEGI
Matamoros,25.5301,-103.2503,10,NORESTE,316.21,4.5,869.58,1391.32,2260.9,FORANEA,here_routing,1819,success,315.77,196.2,849.0,1388.44,2237.44,sakbe,,1,-0.4399999999999977,-0.1,-23.460000000000036,-1.0,849.0,1388.44,2237.44,SAKBE_INEGI
Ciénega de Flores,25.9601,-100.1675,9,NORESTE,37.15,0.5,102.16,163.46,265.62,LOCAL,here_routing,569,success,34.33,33.7,0.0,150.95,150.95,sakbe,,1,-2.8200000000000003,-7.6,-114.67000000000002,-43.2,0.0,150.95,150.95,SAKBE_INEGI
Montemorelos,25.1861,-99.832,9,NORESTE,93.13,1.3,256.11,409.77,665.88,LOCAL,here_routing,995,success,81.67,74.8,0.0,359.1,359.1,sakbe,,1,-11.459999999999994,-12.3,-306.78,-46.1,0.0,359.1,359.1,SAKBE_INEGI
Tijuana,32.5017,-116.9652,8,FRONTERA_NORTE,2679.22,38.3,7367.85,11788.57,19156.42,LEJANA,here_routing,20469,success,2591.64,1701.0,7135.0,11395.44,18530.44,sakbe_segmented,,4,-87.57999999999993,-3.3,-625.9799999999996,-3.3,7135.0,11395.44,18530.440000000002,SAKBE_INEGI
Torreón,25.5437,-103.3986,8,NORESTE,331.67,4.7,912.09,1459.35,2371.44,FORANEA,here_routing,2080,success,332.46,215.9,849.0,1461.83,2310.83,sakbe,,1,0.7899999999999636,0.2,-60.61000000000013,-2.6,849.0,1461.83,2310.83,SAKBE_INEGI
Salinas Victoria,25.9657,-100.2924,8,NORESTE,43.22,0.6,118.85,190.17,309.02,LOCAL,here_routing,654,success,32.19,38.5,0.0,141.54,141.54,sakbe,,1,-11.030000000000001,-25.5,-167.48,-54.2,0.0,141.54,141.54,SAKBE_INEGI
Anáhuac,27.2373,-100.1375,7,NORESTE,209.57,3.0,576.32,922.11,1498.43,REGIONAL,here_routing,1351,success,274.67,192.3,621.0,1207.72,1828.72,sakbe,,1,65.10000000000002,31.1,330.28999999999996,22.0,621.0,1207.72,1828.72,SAKBE_INEGI
El Carmen,19.8851,-98.9547,7,NORESTE,911.0,13.0,2505.25,4008.4,6513.65,LEJANA,here_routing,6204,success,1170.32,764.0,2828.0,5145.9,7973.9,sakbe_segmented,,4,259.31999999999994,28.5,1460.25,22.4,2828.0,5145.9,7973.9,SAKBE_INEGI
Agualeguas,26.3106,-99.54,7,NORESTE,126.52,1.8,347.93,556.69,904.62,REGIONAL,here_routing,1222,success,139.28,105.7,179.0,612.41,791.41,sakbe,La ruta incluye cruces de río sin puente.,1,12.760000000000005,10.1,-113.21000000000004,-12.5,179.0,612.41,791.41,SAKBE_INEGI
Jiménez,29.0653,-100.6798,7,FRONTERA_NORTE,439.89,6.3,1209.7,1935.52,3145.21,FORANEA,here_routing,2567,success,435.52,319.6,621.0,1914.98,2535.98,sakbe,,1,-4.3700000000000045,-1.0,-609.23,-19.4,621.0,1914.98,2535.98,SAKBE_INEGI
San Luis Potosí,22.1331,-100.9587,7,NORESTE,511.71,7.3,1407.2,2251.52,3658.73,FORANEA,here_routing,3688,success,513.18,326.0,675.0,2256.45,2931.45,sakbe_segmented,,2,1.4699999999999704,0.3,-727.2800000000002,-19.9,675.0,2256.45,2931.45,SAKBE_INEGI
Sabinas,27.8641,-101.1299,6,NORESTE,355.62,5.1,977.96,1564.73,2542.68,FORANEA,here_routing,2735,success,307.39,250.2,0.0,1351.59,1351.59,sakbe,,1,-48.23000000000002,-13.6,-1191.09,-46.8,0.0,1351.59,1351.59,SAKBE_INEGI
Chihuahua,28.6585,-106.0708,6,FRONTERA_NORTE,804.45,11.5,2212.24,3539.58,5751.82,LEJANA,here_routing,4319,success,897.27,698.2,1131.98,3945.29,5077.27,sakbe_mixed_1/2,Route calculated in 2 segments. 1 used Sakbe API.,2,92.81999999999994,11.5,-674.5499999999993,-11.7,1131.98,3945.29,5077.27,SAKBE_INEGI
Méndez,25.1183,-98.5885,5,NORESTE,226.68,3.2,623.37,997.39,1620.76,REGIONAL,here_routing,1401,success,224.04,174.1,499.0,985.1,1484.1,sakbe,,1,-2.640000000000015,-1.2,-136.66000000000008,-8.4,499.0,985.1,1484.1,SAKBE_INEGI
San Fernando,24.8459,-98.1476,4,GOLFO_SURESTE,293.9,4.2,808.22,1293.16,2101.39,REGIONAL,here_routing,1685,success,290.74,226.2,499.0,1278.38,1777.38,sakbe,,1,-3.159999999999968,-1.1,-324.00999999999976,-15.4,499.0,1278.38,1777.38,SAKBE_INEGI
Los Ramones,25.6986,-99.6248,4,NORESTE,82.61,1.2,227.18,363.48,590.66,LOCAL,here_routing,789,success,80.88,67.8,436.0,355.63,791.63,sakbe,,1,-1.730000000000004,-2.1,200.97000000000003,34.0,436.0,355.63,791.63,SAKBE_INEGI
Mexicali,32.6211,-115.4467,4,FRONTERA_NORTE,2926.33,41.8,8047.41,12875.85,20923.26,LEJANA,here_routing,22078,success,2428.49,1598.1,6360.0,10678.07,17038.07,sakbe_segmented,,4,-497.84000000000015,-17.0,-3885.1899999999987,-18.6,6360.0,10678.07,17038.07,SAKBE_INEGI
Aguascalientes,21.8842,-102.2858,4,BAJIO,571.61,8.2,1571.93,2515.08,4087.01,FORANEA,here_routing,4180,success,676.74,448.7,978.0,2975.63,3953.63,sakbe_segmented,,2,105.13,18.4,-133.3800000000001,-3.3,978.0,2975.63,3953.63,SAKBE_INEGI
Puebla,32.5655,-115.3357,3,CENTRO,2094.37,29.9,5759.52,9215.23,14974.75,LEJANA,here_routing,12769,success,2411.06,1585.6,6305.0,10601.43,16906.43,sakbe_segmented,,4,316.69000000000005,15.1,1931.6800000000003,12.9,6305.0,10601.43,16906.43,SAKBE_INEGI
Hidalgo,25.9703,-100.4531,3,OCCIDENTE,42.01,0.6,115.53,184.84,300.37,LOCAL,here_routing,681,success,40.35,46.6,0.0,177.42,177.42,sakbe,,1,-1.6599999999999966,-4.0,-122.95000000000002,-40.9,0.0,177.42,177.42,SAKBE_INEGI
Gómez Palacio,25.5834,-103.4879,3,NOROESTE,344.78,4.9,948.14,1517.03,2465.18,FORANEA,here_routing,2215,success,358.01,222.2,1067.0,1574.17,2641.17,sakbe,,1,13.230000000000018,3.8,175.99000000000024,7.1,1067.0,1574.17,2641.17,SAKBE_INEGI
Marín,25.8782,-100.0297,3,NORESTE,42.72,0.6,117.48,187.97,305.45,LOCAL,here_routing,646,success,39.95,40.5,0.0,175.66,175.66,sakbe,,1,-2.769999999999996,-6.5,-129.79,-42.5,0.0,175.66,175.66,SAKBE_INEGI
Galeana,24.8206,-100.0757,3,NORESTE,234.57,3.4,645.07,1032.11,1677.18,REGIONAL,here_routing,2386,success,200.45,199.2,0.0,881.38,881.38,sakbe,,1,-34.120000000000005,-14.5,-795.8000000000001,-47.4,0.0,881.38,881.38,SAKBE_INEGI
Piedras Negras,28.6907,-100.5423,2,NORESTE,394.95,5.6,1086.11,1737.78,2823.89,FORANEA,here_routing,2220,success,390.69,275.1,621.0,1717.86,2338.86,sakbe,,1,-4.259999999999991,-1.1,-485.02999999999975,-17.2,621.0,1717.86,2338.8599999999997,SAKBE_INEGI
Valle Hermoso,25.6706,-97.8124,2,NORESTE,301.4,4.3,828.85,1326.16,2155.01,FORANEA,here_routing,2095,success,320.17,219.5,1040.0,1407.79,2447.79,sakbe,,1,18.77000000000004,6.2,292.77999999999975,13.6,1040.0,1407.79,2447.79,SAKBE_INEGI
Villagrán,20.5155,-100.9968,2,BAJIO,741.66,10.6,2039.56,3263.3,5302.87,LEJANA,here_routing,5496,success,904.86,593.2,1951.0,3978.67,5929.67,sakbe_segmented,,3,163.20000000000005,22.0,626.8000000000002,11.8,1951.0,3978.67,5929.67,SAKBE_INEGI
Tuxtla Gutiérrez,16.7457,-93.1377,1,GOLFO_SURESTE,1489.3,21.3,4095.57,6552.92,10648.49,LEJANA,here_routing,10790,success,2384.98,1612.1,6069.0,10486.76,16555.76,sakbe_segmented,,7,895.6800000000001,60.1,5907.269999999999,55.5,6069.0,10486.76,16555.760000000002,SAKBE_INEGI
Guanajuato,21.0203,-101.2574,1,BAJIO,681.14,9.7,1873.13,2997.02,4870.15,FORANEA,here_routing,5249,success,681.14,458.1,1151.0,2994.97,4145.97,sakbe_segmented,,2,0.0,0.0,-724.1799999999994,-14.9,1151.0,2994.97,4145.969999999999,SAKBE_INEGI
Tampico,22.2667,-97.8714,1,NORESTE,515.14,7.4,1416.63,2266.62,3683.25,FORANEA,here_routing,3863,success,814.2,566.3,1492.0,3580.04,5072.04,sakbe_segmented,,2,299.06000000000006,58.1,1388.79,37.7,1492.0,3580.04,5072.04,SAKBE_INEGI
Hermosillo,29.0832,-110.9766,1,FRONTERA_NORTE,1720.48,24.6,4731.32,7570.11,12301.43,LEJANA,here_routing,10903,success,1714.06,1153.0,5563.0,7536.72,13099.72,sakbe_segmented,,4,-6.420000000000073,-0.4,798.289999999999,6.5,5563.0,7536.72,13099.720000000001,SAKBE_INEGI
Metepec,19.2551,-99.6036,1,CENTRO,893.85,12.8,2458.09,3932.94,6391.03,LEJANA,here_routing,7032,success,1184.1,818.7,2332.21,5206.51,7538.72,sakbe_mixed_3/4,Route calculated in 4 segments. 3 used Sakbe API.,4,290.2499999999999,32.5,1147.6900000000005,18.0,2332.21,5206.51,7538.72,SAKBE_INEGI
La Paz,24.1258,-110.3074,1,CENTRO,1495.22,21.4,4111.86,6578.97,10690.82,LEJANA,here_routing,8816,success,2005.08,1641.7,4057.0,8816.34,12873.34,sakbe_segmented,,5,509.8599999999999,34.1,2182.5200000000004,20.4,4057.0,8816.34,12873.34,SAKBE_INEGI
Guadalajara,20.673,-103.3383,1,OCCIDENTE,802.18,11.5,2205.99,3529.59,5735.59,LEJANA,here_routing,5573,success,899.08,596.7,1966.0,3953.25,5919.25,sakbe_segmented,,3,96.90000000000009,12.1,183.65999999999985,3.2,1966.0,3953.25,5919.25,SAKBE_INEGI
Zapopan,20.6997,-103.4164,1,OCCIDENTE,818.51,11.7,2250.9,3601.44,5852.35,LEJANA,here_routing,5922,success,907.44,605.0,1966.0,3990.01,5956.01,sakbe_segmented,,3,88.93000000000006,10.9,103.65999999999985,1.8,1966.0,3990.01,5956.01,SAKBE_INEGI
González,22.828,-98.4302,1,NORESTE,423.94,6.1,1165.84,1865.34,3031.17,FORANEA,here_routing,3015,estimation,482.19,413.3,241.09,2120.17,2361.27,estimation,"Estimated using haversine distance (factor=1.3). API error: ('Connection aborted.', RemoteDisconnected('Remote end closed connection without response'))",1,58.25,13.7,-669.9000000000001,-22.1,1165.84,1865.34,3031.18,ESTIMACION
San Buenaventura,19.3075,-98.8605,1,NORESTE,939.59,13.4,2583.87,4134.2,6718.07,LEJANA,here_routing,6786,success,1210.81,804.9,3741.0,5323.93,9064.93,sakbe_segmented,,4,271.2199999999999,28.9,2346.8600000000006,34.9,3741.0,5323.93,9064.93,SAKBE_INEGI
Jaumave,23.4055,-99.3812,1,NORESTE,370.75,5.3,1019.56,1631.3,2650.86,FORANEA,here_routing,2966,success,349.93,274.4,0.0,1538.64,1538.64,sakbe,,1,-20.819999999999993,-5.6,-1112.22,-42.0,0.0,1538.64,1538.64,SAKBE_INEGI
Soto la Marina,23.7699,-98.2063,1,NORESTE,393.98,5.6,1083.45,1733.51,2816.96,FORANEA,here_routing,2831,success,380.49,287.5,0.0,1673.01,1673.01,sakbe,,1,-13.490000000000009,-3.4,-1143.95,-40.6,0.0,1673.01,1673.01,SAKBE_INEGI
Guerrero,28.3097,-100.378,1,FRONTERA_NORTE,347.91,5.0,956.75,1530.8,2487.56,FORANEA,here_routing,1914,success,344.12,236.0,621.0,1513.1,2134.1,sakbe,,1,-3.7900000000000205,-1.1,-353.46000000000004,-14.2,621.0,1513.1,2134.1,SAKBE_INEGI
Frontera,26.9324,-101.4575,1,NORESTE,242.23,3.5,666.13,1065.81,1731.94,REGIONAL,here_routing,2120,success,198.43,178.8,0.0,872.5,872.5,sakbe,,1,-43.79999999999998,-18.1,-859.44,-49.6,0.0,872.5,872.5,SAKBE_INEGI
San Rafael,19.2056,-98.7657,1,GOLFO_SURESTE,958.18,13.7,2634.99,4215.99,6850.99,LEJANA,here_routing,7128,success,1261.53,885.0,2370.92,5546.94,7917.86,sakbe_mixed_3/4,Route calculated in 4 segments. 3 used Sakbe API.,4,303.35,31.7,1066.87,15.6,2370.92,5546.94,7917.86,SAKBE_INEGI
Tamazunchale,21.256,-98.7822,1,NORESTE,636.52,9.1,1750.43,2800.69,4551.12,FORANEA,here_routing,5984,success,767.3,530.3,1327.0,3373.82,4700.82,sakbe_segmented,,2,130.77999999999997,20.5,149.69999999999982,3.3,1327.0,3373.82,4700.82,SAKBE_INEGI
San Juan de los Lagos,21.2492,-102.3287,1,OCCIDENTE,662.24,9.5,1821.16,2913.86,4735.02,FORANEA,here_routing,4769,success,733.8,564.1,679.64,3226.53,3906.16,sakbe_mixed_1/2,Route calculated in 2 segments. 1 used Sakbe API.,2,71.55999999999995,10.8,-828.8600000000006,-17.5,679.64,3226.53,3906.17,SAKBE_INEGI
Ciudad Valles,21.9952,-99.0103,1,NORESTE,529.72,7.6,1456.73,2330.77,3787.5,FORANEA,here_routing,4008,success,669.76,453.1,1235.0,2944.93,4179.93,sakbe_segmented,,2,140.03999999999996,26.4,392.4300000000003,10.4,1235.0,2944.93,4179.93,SAKBE_INEGI
Acayucan,17.9498,-94.9162,1,GOLFO_SURESTE,1196.77,17.1,3291.12,5265.79,8556.91,LEJANA,here_routing,7987,success,1719.17,1127.0,5075.0,7559.19,12634.19,sakbe_segmented,,5,522.4000000000001,43.7,4077.2800000000007,47.6,5075.0,7559.19,12634.189999999999,SAKBE_INEGI
Candela,26.836,-100.6669,1,NORESTE,161.33,2.3,443.66,709.85,1153.51,REGIONAL,here_routing,1187,success,151.65,152.7,0.0,666.81,666.81,sakbe,,1,-9.680000000000007,-6.0,-486.70000000000005,-42.2,0.0,666.81,666.81,SAKBE_INEGI
Mier y Noriega,23.423,-100.1186,1,NORESTE,401.89,5.7,1105.2,1768.32,2873.51,FORANEA,here_routing,3234,success,359.75,267.6,473.0,1581.82,2054.82,sakbe,,1,-42.139999999999986,-10.5,-818.69,-28.5,473.0,1581.82,2054.8199999999997,SAKBE_INEGI
Aramberri,24.1001,-99.8167,1,NORESTE,320.67,4.6,881.84,1410.95,2292.79,FORANEA,here_routing,3561,success,317.39,232.8,473.0,1395.56,1868.56,sakbe,,1,-3.2800000000000296,-1.0,-424.23,-18.5,473.0,1395.56,1868.56,SAKBE_INEGI
Nava,28.4243,-100.7647,1,NORESTE,423.72,6.1,1165.23,1864.37,3029.6,FORANEA,here_routing,2462,success,417.2,293.2,621.0,1834.43,2455.43,sakbe,,1,-6.520000000000039,-1.5,-574.1700000000001,-19.0,621.0,1834.43,2455.4300000000003,SAKBE_INEGI
