macro_region,tam_bruto,clientes_fcarnes,clientes_local,tam_neto,penetracion_pct,tam_mayorista,tam_proceso,tam_retail,verificados_total,verificados_a_b,verificados_confianza_alta,pct_verificados,distancia_sakbe_km,costo_logistico_mxn,casetas_mxn,combustible_mxn
CENTRO,28251,29,0,28222,0.1,369,492,27390,9795,822,0,34.67,727.3,4788.0,1590.0,3198.0
GOLFO_SURESTE,18411,0,0,18411,0.0,118,1257,17036,7169,1055,0,38.94,965.8,6950.0,2704.0,4246.0
OCCIDENTE,10817,2,0,10815,0.02,182,436,10199,4992,800,0,46.15,615.0,3850.0,1145.0,2704.0
BAJIO,6795,93,0,6702,1.37,134,101,6560,2856,2691,0,42.03,521.3,3061.0,769.0,2292.0
PENINSULA,3589,0,0,3589,0.0,50,66,3473,1428,86,0,39.79,1433.0,9897.0,3596.0,6301.0
NOROESTE,2991,6,0,2985,0.2,81,97,2813,1342,920,0,44.87,521.3,3061.0,769.0,2292.0
NORESTE,5728,3070,0,2658,53.6,201,137,5390,2369,2360,0,41.36,261.1,1501.0,353.0,1148.0
FRONTERA_NORTE,2219,16,0,2203,0.72,167,111,1941,964,390,0,43.44,965.8,6950.0,2704.0,4246.0
OTRA,819,152,0,667,18.56,0,0,819,0,0,0,0.0,727.3,4788.0,1590.0,3198.0
